{"final_decision": "no_action", "signal": 1, "confidence": 0.5342986887789213, "action_code": 0, "risk_level": 0, "position_size": 0.05, "stop_loss_pct": 0.0012462496522563787, "take_profit_pct": 0.002365965952946459}